instance_idx,orig_pred,n_cfs,validity,proximity,sparsity,diversity,plausibility,quartile
339,1.8995555193263578,3,1.0,0.07362345679012346,3.6666666666666665,0.04713756613756614,1.0,0
5089,6.186464282272615,3,1.0,0.14623927101704878,3.3333333333333335,0.15554027042915933,1.0,2
