model,R2,RMSE,MAE
CatBoost,0.6391006657936057,0.9728343771309643,0.7716713100004581
RandomForest,0.5971020894125142,1.027882272590001,0.8132901210084728
TabNet,0.5893308882122779,1.0377479590485998,0.8245894853274027
