model,R2,RMSE,MAE
CatBoost,0.6503399670964758,0.9523145601943054,0.7583561297709801
RandomForest,0.6239218033194094,0.9876350752481053,0.78556218681551
TabNet,0.642132150500682,0.9634269022064007,0.7672290682633718
