model,R2,RMSE,MAE
CatBoost,0.6503399670964758,0.9523145601943054,0.7583561297709801
RandomForest,0.6239218033194094,0.9876350752481053,0.7855621868155102
TabNet,0.6422118089429799,0.9633196707834231,0.7667894214804968
